"","ParticipantID","created","is_mod","awardee_karma","awarder_karma","link_karma","total_karma","comment_karma","is_suspended"
"1","af81ab9456",2023-01-28 10:17:36,FALSE,0,0,76,13478,13402,NA
"2","d51ef8b9d0",2015-05-11 17:00:46,TRUE,0,0,40,3514,3474,NA
"3","8ff9d0bc71",2024-01-02 03:11:00,FALSE,0,0,3123,7261,4138,NA
"4","1b21190beb",2024-03-24 14:10:56,FALSE,0,0,36,67,31,NA
"5","b55cae5e57",2022-12-08 15:07:04,FALSE,0,0,1,68,67,NA
"6","61edaf9c9e",2023-04-29 22:27:51,FALSE,0,0,87,5966,5879,NA
"7","e64475151b",2024-01-11 02:04:59,FALSE,0,0,1,9755,9754,NA
"8","c03c547390",2019-01-09 20:53:33,FALSE,38,0,8,2515,2469,NA
"9","b7bbd5cd51",2015-02-15 21:34:44,FALSE,216,464,1755,40966,38531,NA
"10","0cc8f32fca",2019-08-18 02:36:17,FALSE,0,0,16,79,63,NA
"11","7574e0154a",2019-11-07 04:34:49,TRUE,266,667,7236,13315,5146,NA
"12","d19c89ed2d",2023-03-29 00:18:32,FALSE,0,0,218,6000,5782,NA
"13","81dcfb0aa7",2023-10-10 13:53:11,FALSE,0,0,16,278,262,NA
"14","e4b8dcd343",2020-03-06 00:54:07,FALSE,38,34,382,7974,7520,NA
"15","069ab7c10c",2024-03-21 01:08:44,FALSE,0,0,8,97,89,NA
"16","cbba85f1e0",2020-10-06 04:59:50,FALSE,0,0,2,4,2,NA
"17","208ca50452",2024-03-03 10:24:03,FALSE,0,0,43,5425,5382,NA
"18","fc37bfdd35",2022-11-13 01:17:31,FALSE,0,0,1517,7537,6020,NA
"19","bd694bb89c",2017-04-29 14:14:48,FALSE,0,0,1,2,1,NA
"20","e6d1fa6168",2021-01-26 19:29:44,TRUE,262,42,2971,20713,17438,NA
"21","341ab933a9",2012-10-31 20:53:59,FALSE,0,0,249,334,85,NA
"22","08e8f94943",2022-06-26 02:39:45,FALSE,110,0,1,3553,3442,NA
"23","86e9907530",2024-01-20 01:12:10,FALSE,0,0,9,608,599,NA
"24","8bea3e8d82",2020-01-25 14:48:01,FALSE,90,9,68,1155,988,NA
"25","d55d21e095",2019-12-08 14:31:59,FALSE,0,0,163,527,364,NA
"26","adf1c5fa33",2020-03-09 19:05:35,FALSE,223,884,23308,31491,7076,NA
"27","9dd31670ef",2021-05-27 18:26:15,FALSE,0,14,237,340,89,NA
"28","5098b874d9",2022-07-06 04:52:57,FALSE,0,0,1,68,67,NA
"29","7d4fe52d1b",2022-12-02 16:50:56,FALSE,0,0,1,90,89,NA
"30","bae8996c71",2023-01-10 03:08:41,FALSE,30,0,6193,13689,7466,NA
"31","bb3a8fd9ec",2024-02-19 03:10:38,FALSE,0,0,3,6,3,NA
"32","2ef761f487",2017-12-20 22:28:06,FALSE,0,0,1,260,259,NA
"33","4568a2c873",2023-11-12 22:25:53,FALSE,0,0,139,147,8,NA
"34","953d7e73bf",2022-09-10 03:04:50,FALSE,0,0,336,6198,5862,NA
"35","325c2d07bb",2021-09-01 23:09:04,FALSE,0,0,1,15,14,NA
"36","a1e382dd21",2022-11-30 19:28:44,FALSE,0,0,1,32,31,NA
"37","5fb69a6795",2021-10-11 21:35:35,FALSE,0,0,103,9492,9389,NA
"38","021c4cfd6b",2020-07-29 17:27:45,FALSE,171,241,1668,6450,4370,NA
"39","72df7fc80b",2023-12-25 20:53:58,FALSE,0,0,17,3863,3846,NA
"40","14cc0e35dd",2020-10-21 12:22:52,FALSE,0,0,1,13,12,NA
"41","db05203d0d",2023-05-30 03:00:12,FALSE,0,0,1,266,265,NA
"42","825ab41ddd",2020-06-05 21:09:49,FALSE,0,0,486,14330,13844,NA
"43","7b8c15cefe",2020-01-29 09:54:00,FALSE,174,0,2336,6765,4255,NA
"44","4a7abb71fd",2019-12-29 18:30:52,FALSE,15,0,204,2605,2386,NA
"45","5f8268a653",2013-07-25 01:39:05,FALSE,0,0,7,58,51,NA
"46","dc0e514e15",2022-11-19 18:52:55,FALSE,217,0,3258,22626,19151,NA
"47","f0060695dc",2016-06-10 10:38:54,FALSE,0,0,1,69,68,NA
"48","a6760b4720",2015-09-17 20:21:19,FALSE,156,33,28872,70579,41518,NA
"49","9013b68a49",2012-03-10 19:46:04,FALSE,407,92,20199,128540,107842,NA
"50","0c5e0fd0a3",2020-11-28 00:27:24,FALSE,0,0,1,479,478,NA
"51","4aa8b19edf",2017-01-26 04:56:02,FALSE,339,10,3378,107393,103666,NA
"52","27624d1b3e",2023-08-25 17:50:57,FALSE,0,0,1241,8739,7498,NA
"53","2e163001c9",2018-03-01 00:31:21,FALSE,38,15,381,9560,9126,NA
"54","b11c090890",2019-04-06 18:23:29,TRUE,73,46,246,2566,2201,NA
"55","e51abce375",2018-06-13 02:23:45,FALSE,18,0,1886,8709,6805,NA
"56","aad8626e7c",2019-03-21 14:31:11,FALSE,0,0,73,2850,2777,NA
"57","cc3d8f68be",2022-11-29 21:23:15,FALSE,0,0,1,771,770,NA
"58","49e03acace",2024-03-07 18:55:54,FALSE,0,0,138,384,246,NA
"59","ac70fa02c4",2020-06-11 18:10:19,TRUE,0,8,82,1223,1133,NA
"60","de27a5db60",2020-01-29 20:34:17,FALSE,1355,72,12884,15067,756,NA
"61","4858d99a77",2020-12-22 19:15:21,FALSE,0,0,10,81,71,NA
"62","55f9f235c7",2021-12-28 11:31:03,FALSE,0,0,1,211,210,NA
"63","078dea3f6c",2020-03-19 12:02:11,FALSE,0,0,2,6,4,NA
"64","a5489ea9d7",2020-11-12 00:11:12,FALSE,0,53,3,59,3,NA
"65","20755dab4b",2023-11-21 06:08:01,FALSE,0,0,1,36,35,NA
"66","a878f9f52d",2017-08-09 00:56:45,FALSE,184,0,676,25256,24396,NA
"67","6757457af6",2014-05-18 22:15:40,TRUE,416,0,6224,36670,30030,NA
"68","7eb8461134",2011-03-28 04:02:23,FALSE,0,11,80,405,314,NA
"69","14d3fd045f",2022-06-02 01:36:26,FALSE,0,0,1,8,7,NA
"70","9d5641c981",2021-01-29 00:08:39,TRUE,479,184,774,68731,67294,NA
"71","f232063f58",2023-09-20 22:31:01,FALSE,0,0,1,1,0,NA
"72","c5f06ce4c6",2022-07-06 20:56:25,FALSE,0,0,2184,6605,4421,NA
"73","065f4ecbef",2018-03-26 19:51:12,TRUE,121,374,4287,23196,18414,NA
"74","1f2df1f519",2013-10-10 00:10:08,FALSE,174,1018,2169,18172,14811,NA
"75","371a89c864",2019-02-26 02:24:27,TRUE,1562,2655,30869,232392,197306,NA
"76","e7f0ed6459",2020-10-19 11:17:35,FALSE,0,0,506,1214,708,NA
"77","7e3d73c71f",2021-03-10 09:54:25,FALSE,0,0,10,195,185,NA
"78","536f973f0c",2020-11-11 15:19:43,FALSE,61,6838,104,22575,15572,NA
"79","e34e6c69cd",2022-05-09 23:50:18,FALSE,0,0,3594,6770,3176,NA
"80","fb895ad8b8",2020-09-26 19:19:10,FALSE,43,0,216,6063,5804,NA
"81","2b7239befb",2020-03-25 19:38:52,FALSE,0,0,239,763,524,NA
"82","bf9e6a37ef",2020-01-01 04:48:16,TRUE,10989,7852,219727,720261,481693,NA
"83","2c2913be6d",2022-10-28 15:59:07,TRUE,381,12,7842,47324,39089,NA
"84","b08fce567b",2023-03-27 00:30:14,FALSE,0,0,2,175,173,NA
"85","788c952203",2020-05-15 17:00:01,FALSE,0,0,26,341,315,NA
"86","af4371aedf",2020-01-11 09:52:56,FALSE,2913,0,144075,333403,186415,NA
"87","a9fcba659b",2023-07-11 17:47:20,FALSE,240,0,3930,11973,7803,NA
"88","b72fc348fe",2022-02-06 10:40:18,FALSE,0,0,1,2,1,NA
"89","04e12eb8bc",2020-11-08 00:39:28,TRUE,586,918,22983,46262,21775,NA
"90","f49e82e08c",2019-09-15 23:49:32,FALSE,178,0,2933,90193,87082,NA
"91","9e0a14329b",2018-11-13 15:20:14,FALSE,0,0,17,340,323,NA
"92","e19e8f5364",2013-10-25 05:12:37,FALSE,0,18,41,4514,4455,NA
"93","ba2d6a922a",2014-12-18 01:39:55,TRUE,312,217,6029,15762,9204,NA
"94","88de4c1fd9",2020-10-09 20:28:41,FALSE,0,0,13,3067,3054,NA
"95","ec8ac17cf5",2021-01-31 00:00:57,FALSE,0,12,1,1163,1150,NA
"96","1fc57dabcd",2013-06-06 17:32:44,FALSE,0,0,1,3,2,NA
"97","dab17760f0",2024-02-27 00:48:00,FALSE,0,0,1,245,244,NA
"98","b500afddfc",2020-04-02 03:48:44,FALSE,0,0,4,11,7,NA
"99","ab67c11202",2020-12-30 06:18:58,FALSE,922,230,30732,34303,2419,NA
"100","592a5b3064",2006-12-07 21:28:21,FALSE,473,1852,333,66269,63611,NA
"101","fb8826f655",2021-06-04 18:43:03,FALSE,81,0,12,6959,6866,NA
"102","fb683a7418",2024-04-28 15:54:10,FALSE,0,0,1,1,0,NA
"103","452eba80c3",2017-01-29 22:28:53,FALSE,251,0,1730,16653,14672,NA
"104","829dca52ce",2021-02-03 12:42:51,FALSE,0,0,6,1182,1176,NA
"105","fb15b520e8",2022-11-19 16:11:22,FALSE,0,0,1,20067,20066,NA
"106","17bb252c6e",2017-04-09 02:29:09,FALSE,0,14,1,1263,1248,NA
"107","415423b932",2019-03-18 22:35:15,TRUE,0,69,3619,15489,11801,NA
"108","7a23fe4e17",2021-11-11 03:24:07,FALSE,0,0,1,11,10,NA
"109","18ea3d5196",2019-09-05 00:54:23,FALSE,105,78,1608,11243,9452,NA
"110","e504075b2b",2022-02-03 23:21:29,FALSE,0,0,72,7152,7080,NA
"111","dd3e4fe7ea",2020-12-07 19:13:55,FALSE,0,0,5,171,166,NA
"112","e8d1579c27",2018-11-14 06:20:56,FALSE,0,0,15,36,21,NA
"113","2cb31d177d",2022-05-11 00:44:25,TRUE,113,12,1513,7568,5930,NA
"114","6166480697",2012-10-16 13:30:53,FALSE,130,0,3265,8450,5055,NA
"115","c7934283f5",2014-01-07 15:20:11,FALSE,0,0,1,2033,2032,NA
"116","e35b57c4fa",2020-01-30 15:29:40,FALSE,18,0,12,2095,2065,NA
"117","2f4f0f5a5b",2015-06-20 00:47:04,FALSE,390,98,2182,76298,73628,NA
"118","49195c42de",2019-10-25 04:53:19,FALSE,248,0,1420,9598,7930,NA
"119","5bc8502490",2020-03-11 02:48:27,FALSE,30,170,22,19697,19475,NA
"120","ab76f1db6c",2021-04-14 12:28:27,TRUE,1032,187,35427,95370,58724,NA
"121","8c06e6aaf1",2019-12-26 23:32:36,FALSE,33,0,2576,3741,1132,NA
"122","d47304de2f",2021-10-01 04:39:36,FALSE,0,0,2850,5670,2820,NA
"123","9bd2406575",2024-03-21 00:22:55,FALSE,0,0,51,2419,2368,NA
"124","a5054de0d3",2021-11-04 12:19:25,FALSE,316,43,3232,30009,26418,NA
"125","020aacb6ae",2018-09-16 19:52:33,TRUE,53,31,1202,10230,8944,NA
"126","983ef79055",2022-12-27 16:28:27,FALSE,0,0,12,599,587,NA
"127","22ae244c18",2024-03-23 23:22:09,FALSE,0,0,31,1549,1518,NA
"128","20e8bf48c6",2024-01-19 22:04:42,FALSE,0,0,1,12,11,NA
"129","54de9ce355",2023-02-06 21:30:43,FALSE,0,0,9,24,15,NA
"130","5a302ec446",2019-07-29 19:49:19,FALSE,15,25,21,93,32,NA
"131","41f48f3dbb",2017-11-02 03:59:55,FALSE,106,0,160,34823,34557,NA
"132","2e20e6d383",2022-10-17 18:44:24,FALSE,0,0,1,163,162,NA
"133","bfa46d07f6",2018-02-06 00:06:20,FALSE,15,880,279,3428,2254,NA
"134","015eaa3db9",2020-11-11 16:11:38,FALSE,30,0,1020,9797,8747,NA
"135","b2be7ccae7",2021-04-15 04:29:28,FALSE,79,660,2064,19618,16815,NA
"136","3bfb829b83",2021-05-12 02:26:50,FALSE,15,0,100,366,251,NA
"137","538f31424c",2023-04-30 18:18:03,FALSE,0,0,37,319,282,NA
"138","5d0cbcea65",2021-05-20 01:00:05,FALSE,0,444,506,7560,6610,NA
"139","51353bc702",2020-11-04 03:23:31,FALSE,0,0,6,23,17,NA
"140","c8ab9fcde2",2019-10-21 02:56:59,FALSE,0,0,176,10078,9902,NA
"141","6598c5d087",2022-03-20 19:05:44,FALSE,0,0,21,456,435,NA
"142","04df080c10",2021-02-16 20:35:03,TRUE,66,11,385,26739,26277,NA
"143","8cf7a0267b",2013-12-03 19:19:55,FALSE,2449,115,36766,479177,439847,NA
"144","60bbc085de",2023-10-05 10:32:11,FALSE,0,0,13,244,231,NA
"145","fa38b1ac2d",2015-10-06 17:43:15,FALSE,15,0,320,562,227,NA
"146","718906de57",2022-03-26 01:00:06,FALSE,214,27,1896,45699,43562,NA
"147","c6e7536de0",2024-02-02 04:33:54,FALSE,0,0,1,54324,54323,NA
"148","153cf020ac",2010-12-07 19:45:35,FALSE,21,0,1497,26254,24736,NA
"149","3648a4036b",2016-11-30 20:37:59,TRUE,2720,16381,20371,363181,323709,NA
"150","a0238e1081",2024-01-25 16:26:22,FALSE,0,0,4,6934,6930,NA
"151","f042fd1a80",2023-11-13 22:28:51,FALSE,0,0,614,1904,1290,NA
"152","d4632373f6",2021-09-19 19:08:15,TRUE,25,0,1,5165,5139,NA
"153","c835a7a95a",2023-02-22 18:28:40,FALSE,0,0,41,2142,2101,NA
"154","f388286e2f",2021-10-28 02:01:00,FALSE,15,202,340,1835,1278,NA
"155","4a7c899423",2022-03-03 20:50:00,FALSE,0,0,20,3406,3386,NA
"156","fa6f10afa8",2021-07-01 19:19:42,FALSE,286,0,27,23029,22716,NA
"157","5b786755d8",2022-08-11 23:43:50,FALSE,0,15,241,6906,6650,NA
"158","3e8de6fdde",2020-08-31 08:54:26,FALSE,0,0,75,26021,25946,NA
"159","3a85179298",2022-06-15 23:37:44,FALSE,72,0,1179,21292,20041,NA
"160","5b62c07fdc",2020-10-26 06:06:28,FALSE,221,0,7,8025,7797,NA
"161","0498d0071c",2021-01-17 00:37:41,FALSE,0,0,29,2009,1980,NA
"162","ebd640b0cf",2020-12-06 00:55:54,FALSE,0,0,1,151,150,NA
"163","504604c131",2024-02-22 18:09:14,FALSE,0,0,2879,5387,2508,NA
"164","4a7a847c93",2021-09-23 17:51:12,FALSE,78,52,30,12871,12711,NA
"165","880be2a338",2024-04-18 05:57:47,FALSE,0,0,1,1,0,NA
"166","1ff83e22aa",2023-05-23 22:21:47,FALSE,0,0,1,218,217,NA
"167","c3879e1c5b",2024-03-07 02:56:15,FALSE,0,0,1,1,0,NA
"168","59b5fd5b47",2023-12-01 02:13:33,TRUE,0,0,179,30576,30397,NA
"169","e8d5667297",2024-04-20 21:25:52,FALSE,0,0,1,68,67,NA
"170","3ba7333816",2023-06-05 22:34:17,FALSE,0,0,1754,14439,12685,NA
"171","f8e1edc1a4",2020-07-15 02:54:34,FALSE,246,731,3289,5175,909,NA
"172","7dfbdab0f0",2024-04-29 01:19:28,FALSE,0,0,65,2033,1968,NA
"173","46866b42f0",2022-07-22 20:56:49,FALSE,144,0,1082,36559,35333,NA
"174","029660dc4b",2020-10-15 00:05:13,FALSE,18,188,106,3798,3486,NA
"175","7aa1d117f9",2022-04-03 04:26:33,FALSE,0,0,9,391,382,NA
"176","6d42be6309",2019-08-12 03:41:05,FALSE,261,260,2567,55433,52345,NA
"177","c15667e6ba",2022-02-15 20:20:17,FALSE,0,0,363,10169,9806,NA
"178","270094e521",2021-06-18 23:55:24,FALSE,0,12,223,21659,21424,NA
"179","397c19d9a1",2020-01-23 15:17:50,FALSE,0,0,20,141,121,NA
"180","0370ccffa9",2018-06-18 04:46:48,FALSE,694,416,4434,38820,33276,NA
"181","14f53c4d15",NA,NA,145,0,NA,145,NA,TRUE
"182","d27f949a23",2019-12-02 00:34:48,FALSE,1197,122,217,123143,121607,NA
"183","1322eeba2f",2021-07-15 03:11:33,TRUE,354,34,12137,39042,26517,NA
"184","0d3ed5ffc3",2018-07-17 18:00:40,FALSE,28,95,7317,25452,18012,NA
"185","dc173ff9b2",2013-04-30 18:19:51,FALSE,26,56,1184,6651,5385,NA
"186","836c3485ef",2023-11-04 16:31:15,FALSE,0,0,4,165,161,NA
"187","8e836ea023",2021-01-11 05:33:40,TRUE,4896,74,39374,340455,296111,NA
"188","be19876a78",2017-02-14 16:32:44,TRUE,179,4,999,3109,1927,NA
"189","2d0d34edff",2009-05-25 16:22:09,FALSE,7,0,4626,16965,12332,NA
"190","db80fdaf51",2011-08-22 04:54:57,FALSE,75,0,6457,25062,18530,NA
"191","7e580c48c8",2021-04-02 23:56:11,FALSE,20,0,996,19536,18520,NA
"192","2563b87ee2",2021-09-17 01:11:33,FALSE,0,0,1,118,117,NA
"193","00c4f177ee",2017-12-07 19:06:44,FALSE,10,0,16,1988,1962,NA
"194","9873395785",2022-10-30 18:03:31,TRUE,15,0,943,3827,2869,NA
"195","9382927367",2017-09-19 08:29:09,FALSE,38,32,851,1648,727,NA
"196","e562b6ac5c",2015-09-24 02:21:08,FALSE,0,0,104,11035,10931,NA
"197","ae5afbd62a",2024-03-19 22:34:13,FALSE,0,0,19,933,914,NA
"198","6d76e87001",2022-10-14 01:58:23,FALSE,0,0,1,60,59,NA
"199","931b9cca6c",2019-12-22 16:30:52,TRUE,263,775,1822,14137,11277,NA
"200","bbeae5d48b",2007-01-15 16:22:05,FALSE,0,34,76,587,477,NA
"201","e5f3c6c3a9",2020-02-12 02:34:29,FALSE,0,0,1,67,66,NA
"202","00470f18b5",2016-12-31 21:48:33,FALSE,1332,449,29936,123914,92197,NA
"203","3434b72325",2020-11-06 00:42:13,FALSE,20,0,628,1673,1025,NA
"204","1a01287c89",2014-03-08 17:25:55,FALSE,0,128,1662,6569,4779,NA
"205","97e4cb8f2b",2023-08-27 09:46:11,FALSE,0,0,1,167,166,NA
"206","c646053a97",2021-10-30 19:48:49,FALSE,0,80,4,215,131,NA
"207","efb5df5b29",2020-10-25 00:10:23,FALSE,38,29,1620,15041,13354,NA
"208","b2b7025498",2020-06-19 14:04:22,FALSE,31,0,905,7729,6793,NA
"209","fa8294833b",2015-10-06 01:34:38,FALSE,98,17,99,26319,26105,NA
"210","c04d385d1c",2023-03-28 22:12:04,FALSE,0,0,67,5356,5289,NA
"211","527b0dfdcc",2018-05-17 14:19:30,FALSE,0,202,3446,8188,4540,NA
"212","f94748d9dc",2014-09-05 02:46:12,FALSE,148,174,213,1590,1055,NA
"213","6805c12d7d",2016-09-30 15:52:10,FALSE,0,0,457,1127,670,NA
"214","d9e09b9b4b",2022-09-25 18:58:38,FALSE,15,0,101,66165,66049,NA
"215","43c220c46b",2014-10-03 19:33:09,TRUE,178,114,709,19061,18060,NA
"216","e353de3c56",2020-11-28 10:35:11,FALSE,0,0,2140,3704,1564,NA
"217","25849393f8",2018-07-27 01:29:31,FALSE,0,0,2441,4080,1639,NA
"218","2c6a738e66",2023-05-24 11:36:59,FALSE,0,0,24,11303,11279,NA
"219","930607bf8b",2020-12-19 06:49:38,FALSE,33,0,2,13003,12968,NA
"220","56c957abaf",2015-09-29 20:34:09,FALSE,1220,11,15721,48221,31269,NA
"221","2c53486d98",2018-03-28 19:27:52,FALSE,480,0,2185,196709,194044,NA
"222","17fdc42109",2020-07-07 05:24:05,FALSE,33,204,1124,4746,3385,NA
"223","62bf55a594",2019-11-11 06:04:16,FALSE,0,0,1,29,28,NA
"224","b737bc6862",2020-05-01 08:22:31,TRUE,1023,8,1193,50997,48773,NA
"225","d661d59f61",2024-03-16 01:14:33,FALSE,0,0,1,1,0,NA
"226","a9d790db8c",2021-01-27 14:20:57,TRUE,0,0,156,4384,4228,NA
"227","ab97ce833f",2018-04-23 16:28:55,FALSE,0,0,4,312,308,NA
"228","2e1aa99e21",2021-11-04 14:12:42,FALSE,0,0,542,1774,1232,NA
"229","54b44b7ea2",2018-10-26 10:35:36,FALSE,512,180,10325,34854,23837,NA
"230","c3519b0ee5",2024-05-04 05:53:33,FALSE,0,0,919,1252,333,NA
"231","cbb6c8de3b",2020-03-05 20:02:52,FALSE,29,0,2143,8415,6243,NA
"232","475242e940",2020-12-02 06:33:31,FALSE,0,15,71,328,242,NA
"233","a0a758cdea",2022-06-24 16:39:14,FALSE,20,0,643,31604,30941,NA
"234","f35ab4d797",2022-02-12 18:16:20,FALSE,10,0,8,4369,4351,NA
"235","69afc2f583",2022-04-02 03:27:04,FALSE,68,0,799,5568,4701,NA
"236","5e310cb9be",2020-01-04 04:54:02,FALSE,0,24,409,1243,810,NA
"237","b75ee85618",2023-10-15 18:57:13,FALSE,0,0,35,167,132,NA
"238","60a0daaee1",2015-11-29 05:16:18,FALSE,514,57,1783,38731,36377,NA
"239","b7b2d1d8ff",2021-09-29 21:57:43,FALSE,0,0,1,409,408,NA
"240","b7c05e27ff",2023-09-27 21:24:45,FALSE,0,0,123,46133,46010,NA
"241","0802ad39f4",2020-12-12 02:54:40,FALSE,0,0,1,1166,1165,NA
"242","b8ee73d0d4",2014-12-04 16:56:03,FALSE,1048,8797,7111,137228,120272,NA
"243","271f1e713c",2021-05-05 04:20:14,FALSE,0,255,24,3425,3146,NA
"244","556e001949",2021-11-23 18:19:52,FALSE,15,31,217,1095,832,NA
"245","8db2c901ef",2013-11-10 02:28:46,FALSE,20,0,205,3175,2950,NA
"246","fcc0e9c20a",2011-05-31 00:29:55,FALSE,0,0,100,1135,1035,NA
"247","4a0f87ca15",2022-12-24 03:06:09,FALSE,0,0,35,4165,4130,NA
"248","e7a1609a7c",2021-08-31 02:51:09,FALSE,131,12682,78,39823,26932,NA
"249","87794a34f2",2010-05-11 09:22:55,FALSE,0,0,1835,34664,32829,NA
"250","37bf353fb9",2019-03-03 01:52:25,FALSE,291,315,6682,8495,1207,NA
"251","929e45daff",2023-12-31 18:25:38,FALSE,0,0,879,8779,7900,NA
"252","0f0d669734",2018-11-23 06:43:33,FALSE,223,67,6066,20643,14287,NA
"253","a45d4da524",2017-02-01 18:27:35,FALSE,0,0,28,62,34,NA
"254","d245f87cdb",2023-08-17 16:22:43,FALSE,0,0,21,79,58,NA
"255","ab398774d3",2010-03-27 23:51:07,FALSE,35,0,739,26305,25531,NA
"256","321116e8ad",2019-08-07 00:55:14,FALSE,0,0,2249,5083,2834,NA
"257","cba34c5078",2020-11-18 14:53:22,FALSE,0,629,1,555,-75,NA
"258","0feeffdf7d",2020-07-27 20:14:42,FALSE,0,0,4,989,985,NA
"259","147f332297",2020-09-14 11:24:33,FALSE,0,0,1,27,26,NA
"260","56afd4acb0",2020-12-31 11:45:08,FALSE,13,0,115,3658,3530,NA
"261","994c8296ad",2021-08-19 02:59:26,FALSE,7,119,911,1826,789,NA
"262","a6b98ba940",2024-02-20 02:50:15,TRUE,0,0,29,149,120,NA
"263","925124f5c4",2019-10-02 04:22:11,FALSE,87,0,7579,27289,19623,NA
"264","2eb22b1c67",2021-10-30 04:58:48,FALSE,0,0,2898,16662,13764,NA
"265","6454dde65b",2016-07-29 10:37:59,FALSE,864,4430,6970,81741,69477,NA
"266","c723340227",2021-11-06 21:19:28,FALSE,0,0,1,73,72,NA
"267","0a0d3fbdd8",2023-10-12 16:00:50,FALSE,0,0,5,3584,3579,NA
"268","f87ebb59fe",2019-08-27 12:26:02,FALSE,236,1743,999,10700,7722,NA
"269","1864406938",2012-07-10 03:02:49,TRUE,0,0,1554,11798,10244,NA
"270","6bbd7bd36e",2016-07-30 06:56:30,TRUE,10,258,10848,33440,22324,NA
"271","c5ab0ed347",2019-09-20 06:20:50,FALSE,910,1590,2776,110134,104858,NA
"272","e7eeb4e704",2023-11-09 20:47:58,FALSE,0,0,26,730,704,NA
"273","1602e925fc",2020-02-20 04:59:44,FALSE,0,0,7,128,121,NA
"274","20746f99d2",2014-12-21 11:45:34,FALSE,0,0,1,6,5,NA
"275","4fe6961f3e",2023-11-28 01:34:39,FALSE,0,0,1,1022,1021,NA
"276","c10951a520",2022-04-09 00:28:34,FALSE,25,213,376,16774,16160,NA
"277","8c68ec6fcd",2012-09-26 14:09:40,FALSE,68,12,3782,6417,2555,NA
"278","67330a3561",2021-12-06 13:38:42,FALSE,366,0,1697,68175,66112,NA
"279","449c8ca0d4",2010-10-23 00:59:46,FALSE,297,276,7205,167164,159386,NA
"280","6c7d39ba3f",2014-03-21 10:57:29,FALSE,0,0,53,4241,4188,NA
"281","afe990022b",2011-09-06 00:54:44,TRUE,7,0,1653,19129,17469,NA
"282","547b8fa1bb",2011-01-19 00:20:47,FALSE,0,0,311,1295,984,NA
"283","efceae41a0",2022-12-25 12:00:07,FALSE,0,0,6,2172,2166,NA
"284","5411f6ab06",2019-08-24 18:48:13,FALSE,0,0,122,258,136,NA
"285","2364a0dfb6",2024-05-02 17:08:53,FALSE,0,0,1,1,0,NA
"286","21cde86328",2020-04-23 20:00:59,FALSE,48,26,173,16715,16468,NA
"287","55b86184e4",2024-05-02 00:42:42,FALSE,0,0,82,5579,5497,NA
"288","ea0a179fc4",2022-09-14 04:09:03,FALSE,15,0,623,7424,6786,NA
"289","cb12171bc9",2018-03-23 23:43:31,FALSE,0,0,402,449,47,NA
"290","95fc90d9bc",2017-04-15 22:04:53,FALSE,20,0,373,826,433,NA
"291","fa4ae9ac65",2008-07-18 03:10:14,FALSE,0,0,5720,12852,7132,NA
"292","35547af1ef",2020-02-07 21:10:59,FALSE,0,0,6,103,97,NA
"293","540a1e5e46",2013-08-20 22:42:27,TRUE,293,14,1839,23259,21113,NA
"294","4c02928445",2012-09-26 05:33:33,TRUE,231,52,346,63678,63049,NA
"295","493cad54d9",2022-05-29 14:14:00,FALSE,0,0,111,285,174,NA
"296","20ea4d8991",2024-02-20 21:46:51,FALSE,0,0,1,476,475,NA
"297","74bbc1ec23",2024-03-27 23:40:47,FALSE,0,0,57,1079,1022,NA
"298","d21b01ff56",2021-06-29 02:40:01,FALSE,0,0,58,2602,2544,NA
"299","fb2ea6bfbb",2023-02-15 10:09:50,FALSE,0,0,1199,2445,1246,NA
"300","c45e71f3a9",2011-08-11 07:20:44,FALSE,0,0,795,5261,4466,NA
"301","46b8cfc23f",2022-01-04 23:19:29,FALSE,128,91,769,60058,59070,NA
"302","122c06368f",2019-02-01 21:50:16,TRUE,0,0,5084,28076,22992,NA
"303","a1941b7979",2017-02-27 20:50:48,TRUE,731,837,36723,96656,58365,NA
"304","c5e82b5fee",2022-05-21 20:09:43,FALSE,0,0,1,6723,6722,NA
"305","12c968cca6",2020-03-14 14:13:21,FALSE,0,0,112,650,538,NA
"306","ac9ed1acf6",2012-08-19 15:17:20,FALSE,0,0,1,174,173,NA
"307","331cfc0df5",2020-04-14 00:19:12,FALSE,55,0,1,1921,1865,NA
"308","2c75aaa1a7",2014-04-25 13:44:15,FALSE,90,0,96,20828,20642,NA
"309","4e8dc9e02b",2024-04-07 16:20:35,TRUE,0,0,247,240,-7,NA
"310","0fb7b9bbbb",2023-11-07 12:27:31,FALSE,0,0,247,1244,997,NA
"311","81a3222f85",2024-03-09 14:06:12,FALSE,0,0,49,670,621,NA
"312","255bcf36bf",2023-08-14 15:18:09,FALSE,0,0,48572,58355,9783,NA
"313","c661009488",2017-01-03 16:01:45,FALSE,141,0,1778,4975,3056,NA
"314","1202299dad",2024-03-19 21:51:26,FALSE,0,0,16,1773,1757,NA
"315","cba069a1b2",2021-08-07 20:01:12,FALSE,33,0,3656,7407,3718,NA
"316","6eb9648017",2022-12-15 22:10:06,FALSE,15,0,34,11166,11117,NA
"317","9843ba5931",2022-04-15 15:49:19,FALSE,0,0,448,5698,5250,NA
"318","06078fcbb9",2019-06-29 00:14:22,FALSE,413,0,22834,42605,19358,NA
"319","b9b30f05a7",2018-08-15 18:00:42,FALSE,35,12,700,1036,289,NA
"320","8132bd5dc8",2023-12-01 02:20:25,FALSE,0,0,22,164,142,NA
"321","3ba1608caf",2019-09-21 18:49:25,FALSE,157,405,16501,66290,49227,NA
"322","e5a7b3ef23",NA,NA,76,132,NA,208,NA,TRUE
"323","50cbb22c53",2018-04-11 16:59:58,TRUE,0,33,50,3004,2921,NA
"324","1bfa86d4d5",2021-07-10 17:44:39,FALSE,461,717,8011,27059,17870,NA
"325","4abf60bfbe",2021-05-04 03:12:06,FALSE,30,0,1443,4365,2892,NA
"326","915442e0cc",2021-11-14 14:55:43,FALSE,0,0,468,1678,1210,NA
"327","bae37c6a38",2019-05-08 21:57:27,FALSE,0,0,251,2717,2466,NA
"328","2931d384e5",2013-10-22 15:22:54,FALSE,0,10,12,9496,9474,NA
"329","7d952011f1",2019-07-14 17:21:18,FALSE,10,32,17,441,382,NA
"330","8dc97c0017",2023-12-15 14:57:35,TRUE,0,0,13,1229,1216,NA
"331","045319ee07",2023-11-29 06:19:08,FALSE,0,0,901,20707,19806,NA
"332","9bb6a3721a",2022-01-28 12:00:25,TRUE,0,0,4,255,251,NA
"333","051b66dd63",2017-02-02 21:57:17,FALSE,15,568,124,13486,12779,NA
"334","df7db5830d",2020-04-11 14:38:03,TRUE,839,129,5246,107304,101090,NA
"335","7797803053",2017-03-08 17:12:26,FALSE,0,50,490,1623,1083,NA
"336","965456eaf0",2020-10-07 22:57:41,FALSE,15,16,413,12905,12461,NA
"337","51b0cf34b9",2012-01-03 00:40:22,FALSE,284,76,113516,131578,17702,NA
"338","8c9de31b50",2013-03-01 23:55:25,TRUE,294,11,92,21672,21275,NA
"339","ad849ba6ef",2023-04-13 19:10:57,FALSE,0,0,12,1806,1794,NA
"340","0c0cd85291",2023-01-14 03:58:03,FALSE,0,0,1,9,8,NA
"341","996201b78f",2012-12-10 04:09:38,FALSE,55,228,238,21709,21188,NA
"342","5530f682dd",2012-04-23 04:12:18,TRUE,2012,0,55710,94921,37199,NA
"343","9a81e8a5f0",2016-08-02 23:47:57,FALSE,0,0,25,1702,1677,NA
"344","b81aa141eb",2021-07-14 23:04:32,FALSE,35,0,339,1279,905,NA
"345","468e045c23",2024-04-17 11:38:49,FALSE,0,0,44,807,763,NA
"346","4737d1be6a",2021-05-09 15:00:02,FALSE,15,14,18,1356,1309,NA
"347","bc5d5a6985",2018-08-01 19:48:06,FALSE,165,0,36,528,327,NA
"348","d0c5219640",2023-11-04 21:31:27,FALSE,0,0,200,697,497,NA
"349","ae675476df",2018-12-06 01:14:23,FALSE,0,0,1,96,95,NA
"350","223213b557",2022-08-08 03:45:55,FALSE,0,0,129,3195,3066,NA
"351","fa10d265e9",2016-09-28 21:48:04,FALSE,0,141,732,3862,2989,NA
"352","acf85674b3",2017-03-25 21:40:34,FALSE,91,105,47540,69742,22006,NA
"353","6921060498",2023-12-01 05:30:13,FALSE,0,0,647,10189,9542,NA
"354","aded15d195",2009-05-20 20:09:16,FALSE,1257,622,14750,89288,72659,NA
"355","94ecd5affc",2019-07-31 04:19:50,FALSE,625,44,3069,51825,48087,NA
"356","5ff0a28ad7",2015-09-09 22:41:30,TRUE,368,24997,1620,46891,19906,NA
"357","017db2ee7f",2017-10-23 15:45:48,FALSE,18,22,343,2624,2241,NA
"358","c356409d63",2019-10-04 22:01:33,TRUE,274,0,1747,16438,14417,NA
"359","cffdb34fbd",2021-05-14 02:04:08,FALSE,0,0,46,115,69,NA
"360","b48039f5e4",2015-08-20 12:47:13,FALSE,48,0,3501,11936,8387,NA
"361","3f28d536af",2019-01-19 18:34:45,FALSE,18,213,211,9320,8878,NA
"362","c7389fce5d",2023-04-05 04:24:08,FALSE,0,0,31671,168534,136863,NA
"363","6b7d074d46",2021-01-21 23:28:08,FALSE,351,4215,620,27862,22676,NA
"364","bdab616986",2021-01-16 22:47:55,FALSE,30,0,1,4229,4198,NA
"365","02e1fce482",2011-12-17 20:37:04,FALSE,0,38,199,163,-74,NA
"366","9f71649d28",2015-09-14 16:37:15,TRUE,2906,394,37340,338452,297812,NA
"367","b359eb0a57",2023-06-04 01:56:39,TRUE,0,0,65,1750,1685,NA
"368","3908e60e4d",2019-03-30 15:37:10,TRUE,0,0,4047,11796,7749,NA
"369","b85c73c309",2020-12-31 02:49:28,FALSE,0,0,52,325,273,NA
"370","ccac653a54",2017-10-23 13:53:04,FALSE,736,0,460,105670,104474,NA
"371","07fc81fc18",2022-10-25 15:46:13,FALSE,0,0,52,90,38,NA
"372","26a6b1e27c",2015-01-01 17:50:04,FALSE,150,0,4324,54875,50401,NA
"373","86d2c0bd03",2012-03-01 21:51:24,FALSE,0,0,76,5752,5676,NA
"374","93283fde4d",2019-02-25 21:01:44,FALSE,60,209,2545,43852,41038,NA
"375","f88c34dfc4",2021-04-20 07:23:48,FALSE,55,0,1888,9635,7692,NA
"376","72102922ef",2024-02-22 02:15:13,TRUE,0,0,892,3765,2873,NA
"377","9825d2ff26",2020-03-25 09:08:01,TRUE,332,47,18592,55293,36322,NA
"378","a24fd5f009",2020-07-12 02:52:49,FALSE,0,0,2,132,130,NA
"379","777bdf4c55",2021-02-24 04:14:38,FALSE,0,0,43,600,557,NA
"380","006aeaf4ee",2018-01-16 13:39:26,TRUE,63,0,2167,7191,4961,NA
"381","bd6f3ac3f7",2018-02-03 14:03:08,TRUE,532,11,97400,118680,20737,NA
"382","919f78ca25",2022-05-25 05:06:31,FALSE,0,0,24,1121,1097,NA
"383","395803e539",2019-01-12 19:20:46,FALSE,15,0,73,12236,12148,NA
"384","766cdb3a4d",2017-03-26 05:39:28,FALSE,0,0,1,100,99,NA
"385","fa80eddc34",2016-06-23 16:13:54,FALSE,161,12,1371,8290,6746,NA
"386","2c6ca224be",2023-10-07 15:41:54,TRUE,0,0,323,7774,7451,NA
"387","eae3cc2a06",2020-10-30 19:07:08,FALSE,8,0,604,4240,3628,NA
"388","4c947c0ab4",2023-05-03 23:15:14,FALSE,185,56,7244,10189,2704,NA
"389","5f43c1374c",2017-10-16 07:11:45,FALSE,15,0,855,7681,6811,NA
"390","d1211799fa",2015-11-08 04:42:36,FALSE,0,0,3656,9950,6294,NA
"391","433ea62ced",2021-12-26 04:13:32,FALSE,0,72,113,2975,2790,NA
"392","8d9a8e0be9",2022-01-21 22:17:03,FALSE,0,0,1,6,5,NA
"393","985c1e4874",2021-05-16 21:06:20,FALSE,187,12,2594,7687,4894,NA
"394","25ceaa47a6",2023-10-21 08:45:35,FALSE,0,0,12,19740,19728,NA
"395","f5bcb87763",2018-05-07 14:53:08,FALSE,10,36,2184,23869,21639,NA
"396","ff6325cd12",2023-04-08 23:31:58,FALSE,0,0,50,368,318,NA
"397","f79d0289e7",2019-12-26 17:30:38,FALSE,201,0,52,2417,2164,NA
"398","69f36dd29a",2009-02-10 15:54:29,FALSE,0,0,4,-15,-19,NA
"399","87af5a5e82",2020-06-06 20:43:29,FALSE,0,0,45,1228,1183,NA
"400","a1535a7bd0",2009-03-18 19:11:31,TRUE,639,27,8607,223425,214152,NA
"401","ad6c208707",2010-11-06 23:52:00,FALSE,0,0,50,6560,6510,NA
"402","c401e049ad",2017-03-29 04:12:33,FALSE,15,0,6,4723,4702,NA
"403","46095748d8",2021-11-02 23:49:43,FALSE,0,0,1,4,3,NA
"404","f9c21d5750",2020-08-19 21:36:16,FALSE,160,204,1,9122,8757,NA
"405","db848770fb",2014-09-05 07:19:34,FALSE,0,301,783,4221,3137,NA
"406","f86377d7e2",2019-02-18 18:48:23,FALSE,434,2349,1249,81116,77084,NA
"407","adde3d70b1",2020-07-21 14:43:59,FALSE,0,0,10,36,26,NA
"408","903fe72810",2019-04-16 18:32:17,FALSE,1512,8382,10475,74160,53791,NA
"409","87302bc516",2020-12-20 23:26:26,FALSE,63,270,11,2460,2116,NA
"410","f78baf629c",2018-02-19 19:58:23,FALSE,81,508,6583,33568,26396,NA
"411","b316e275bb",2012-06-02 05:51:04,FALSE,500,2476,606,39356,35774,NA
"412","c634858b71",2023-08-06 13:10:51,FALSE,0,0,1,19188,19187,NA
"413","8e0116c9c4",2014-09-23 19:55:11,FALSE,644,66,1016,72662,70936,NA
"414","a418d8af20",2011-01-20 18:51:14,TRUE,752,2267,26741,40946,11186,NA
"415","66ec98b711",2020-08-13 00:48:20,FALSE,55,2747,1296,18257,14159,NA
"416","059ccca124",2017-03-23 22:29:49,FALSE,0,0,116,1107,991,NA
"417","d75dd4dc81",2021-11-03 09:47:32,FALSE,0,0,1,2,1,NA
"418","6c7ba03f96",2017-01-16 05:59:48,TRUE,3092,1343,53654,250316,192227,NA
"419","0ee8c53e5f",2018-12-25 00:23:14,FALSE,744,7036,569,14679,6330,NA
"420","df388cac10",2020-03-26 20:10:01,FALSE,625,362,3952,31580,26641,NA
"421","b210bd258a",2021-03-18 20:30:54,FALSE,0,0,31,530,499,NA
"422","f418b1022a",2008-06-25 00:58:12,TRUE,563,315,3219,43429,39332,NA
"423","e0db716b14",2013-02-21 19:20:27,FALSE,182,3614,115,12878,8967,NA
"424","b26f58bafa",2012-08-31 06:17:22,TRUE,939,329,17386,194243,175589,NA
"425","f8b776619d",2023-10-24 20:55:29,FALSE,0,0,1,58,57,NA
"426","d7068c43a6",2015-02-03 06:33:44,FALSE,0,0,4,49,45,NA
"427","a765e83a8d",2023-01-14 16:09:30,FALSE,0,0,53,323,270,NA
"428","9b08eee62a",2012-08-07 22:14:22,FALSE,340,72,1542,7945,5991,NA
"429","f24c6dca10",2020-06-18 18:03:05,FALSE,1323,698,32535,98506,63950,NA
"430","02d2729554",2023-07-20 19:44:54,FALSE,0,0,3,156,153,NA
"431","cbe3eef27f",2017-06-20 00:59:56,FALSE,92,446,1424,53783,51821,NA
"432","352bc229f6",2008-05-20 01:59:37,FALSE,293,331,848,40224,38752,NA
"433","ba64177d75",2021-07-29 17:24:32,FALSE,84,79,167,15598,15268,NA
"434","5673a475a4",2022-04-25 06:13:59,FALSE,18,12,94,7956,7832,NA
"435","3afbc14807",2017-06-26 17:10:24,FALSE,0,0,179,566,387,NA
"436","874889250d",2021-09-23 12:18:38,FALSE,311,0,155,766,300,NA
"437","541a8b8964",2021-05-12 14:23:39,FALSE,0,42,1,125,82,NA
"438","97bb77946d",2017-11-02 07:01:12,FALSE,486,30,2216,52938,50206,NA
"439","7975424d72",2021-03-28 05:39:13,TRUE,1135,49,22444,65036,41408,NA
"440","10b9887f41",2017-03-05 08:51:30,FALSE,18,6,42,279,213,NA
"441","480621dfaa",2022-03-22 21:51:11,FALSE,0,0,1,582,581,NA
"442","5a56195891",2022-06-14 03:17:07,FALSE,0,0,1,290,289,NA
"443","e50bb08725",2016-01-17 00:06:02,FALSE,0,22,87,291,182,NA
"444","b768c652fd",2019-08-13 01:48:45,FALSE,558,110,3264,22953,19021,NA
"445","2f299311e8",2022-09-16 00:09:59,FALSE,0,18,7,295,270,NA
"446","1fa2466de7",2023-02-04 03:14:01,FALSE,0,0,1,12486,12485,NA
"447","d29023384a",2024-04-01 20:54:05,FALSE,0,0,24,316,292,NA
"448","792bdbdb21",2011-12-23 03:52:25,FALSE,0,0,1056,3323,2267,NA
"449","da6d760428",2023-08-27 19:28:48,FALSE,0,0,114,18155,18041,NA
"450","a8c25d36b0",2014-07-31 07:53:49,FALSE,73,0,580,3049,2396,NA
"451","ec6a7b3d27",2019-03-16 22:14:43,FALSE,108,4806,1161,7244,1169,NA
"452","a97c6f0044",2022-04-08 15:11:36,FALSE,0,0,1,511,510,NA
"453","2d50f9530e",2021-01-31 22:23:12,FALSE,78,469,381,15505,14577,NA
"454","0a3d1eeb3e",2021-01-31 23:33:04,FALSE,0,0,1,9,8,NA
"455","4509ce249c",2023-01-29 15:28:28,TRUE,21,0,23,13890,13846,NA
"456","2de40f95ad",2021-01-08 05:26:06,FALSE,120,342,47,2116,1607,NA
"457","237429f688",2022-05-04 02:16:08,FALSE,0,0,74,266,192,NA
"458","c736cd35dd",2022-04-12 00:40:41,FALSE,225,0,596,98525,97704,NA
"459","09c06efcff",2024-03-05 19:30:49,FALSE,0,0,1,5,4,NA
"460","204d45d97c",2008-04-22 13:13:36,FALSE,856,34,5394,337384,331100,NA
"461","b7836f3f5d",2019-10-16 17:08:01,FALSE,645,820,7402,35814,26947,NA
"462","a9c091a5f1",2017-12-20 00:52:45,FALSE,0,73,4418,6078,1587,NA
"463","ce36e08d72",2024-03-05 04:05:02,FALSE,0,0,29,471,442,NA
"464","2a80129d50",2021-04-30 23:09:23,FALSE,0,0,73,1867,1794,NA
"465","8fea0767a5",2023-12-22 18:07:49,FALSE,0,0,614,1704,1090,NA
"466","cd6b0e89d7",2007-05-23 05:50:29,FALSE,99,2330,5054,17885,10402,NA
"467","7e4b02dc9d",2022-10-21 17:43:27,FALSE,340,0,236,6512,5936,NA
"468","dc7590f991",2015-10-01 01:47:15,FALSE,103,4230,35817,106985,66835,NA
"469","47d85e4818",2015-03-03 07:57:37,TRUE,1064,982,27979,135437,105412,NA
"470","3c98931eb0",2016-07-20 05:12:27,TRUE,195,201,2376,16743,13971,NA
"471","fb17a6bc98",2019-04-21 13:18:00,FALSE,171,61,8073,46958,38653,NA
"472","687729aef7",2018-06-26 03:14:46,FALSE,69,58,32,5818,5659,NA
"473","168a917406",2014-06-09 05:22:14,FALSE,28,56,266,12375,12025,NA
"474","27254ba683",2020-09-25 17:23:05,FALSE,74,0,8679,14126,5373,NA
"475","8108ea0271",2021-05-04 01:29:55,FALSE,1402,254,36,121330,119638,NA
"476","69c781474f",2022-02-20 14:41:54,TRUE,2783,494,44023,320387,273087,NA
"477","b53ab100a4",2024-04-12 03:07:04,FALSE,0,0,6,30,24,NA
"478","7eae1dfb66",2018-02-25 02:59:41,FALSE,225,28,1429,19846,18164,NA
"479","e66c9d05d5",2015-11-27 03:02:31,FALSE,113,0,39701,53126,13312,NA
"480","bf894d1bd3",2023-03-11 00:56:44,FALSE,331,14,952,110166,108869,NA
"481","01eaa4802a",2018-08-16 02:10:58,FALSE,277,29,10146,26485,16033,NA
"482","1f74cab57c",2018-08-01 15:38:07,FALSE,1548,0,182213,193359,9598,NA
"483","95fd6e907c",2017-05-22 19:56:22,FALSE,0,0,79,1330,1251,NA
"484","4673ee1873",2023-06-09 17:22:08,FALSE,0,0,805,13485,12680,NA
"485","ee6424c98a",2022-10-31 18:04:02,FALSE,38,0,8,547,501,NA
"486","0a10e9d746",2023-08-09 00:33:30,FALSE,118,0,74,54119,53927,NA
"487","d0ac6ce848",2023-03-26 01:19:50,FALSE,0,0,3,16,13,NA
"488","020a7f1349",2021-01-03 02:23:37,FALSE,0,0,1,1,0,NA
"489","f03c333c27",2020-09-18 04:13:00,FALSE,0,27,522,12571,12022,NA
"490","a0a38607b6",2011-08-05 14:43:28,FALSE,0,0,1,394,393,NA
"491","a82fc579d5",2012-10-29 06:38:43,FALSE,15,0,558,2370,1797,NA
"492","d07c29cdd7",2023-06-06 17:40:11,FALSE,0,0,5,153,148,NA
"493","30d05307ad",2022-01-21 01:54:30,FALSE,373,0,1,16251,15877,NA
"494","cf40073143",2016-10-06 19:43:03,FALSE,1964,751,5254,98651,90682,NA
"495","2ea48eda1a",2019-06-28 23:43:13,FALSE,1382,593,5492,44372,36905,NA
"496","4849afcc97",2023-06-08 02:36:21,FALSE,0,0,768,1737,969,NA
"497","66c6abda5c",2020-09-05 16:08:05,FALSE,157,1126,2229,19590,16078,NA
"498","e14c2aedef",2015-12-06 21:56:12,TRUE,299,0,1563,3239,1377,NA
"499","3aa380bfc1",2018-06-03 12:42:59,FALSE,121,0,1,10719,10597,NA
"500","683c7ee36b",2023-12-23 16:25:51,FALSE,0,0,59,85,26,NA
"501","c2009c7124",2020-08-28 00:31:45,FALSE,0,0,1,396,395,NA
"502","8ecc6fcf04",2018-02-20 17:00:30,TRUE,0,3198,4852,9116,1066,NA
"503","6a8d0f3cde",2020-07-03 23:52:08,FALSE,0,0,3,5,2,NA
"504","119ff9a7cb",2018-12-06 05:23:20,FALSE,0,33,180,1025,812,NA
"505","b4282a1730",2023-07-31 20:52:53,FALSE,0,0,39,224,185,NA
"506","b16d655f7d",2017-02-23 01:39:40,TRUE,289,14,838,72529,71388,NA
"507","40cc5f7197",2019-10-10 15:29:33,FALSE,0,0,1795,3376,1581,NA
"508","b67df3c4af",2021-12-24 22:11:26,FALSE,0,0,73,421,348,NA
"509","548e5800af",2024-03-18 14:12:18,FALSE,0,0,1,6409,6408,NA
"510","1136111b65",2023-10-24 03:16:37,FALSE,0,0,4,3262,3258,NA
"511","534307dc93",2019-10-02 01:50:28,FALSE,21,0,1,19932,19910,NA
"512","0495eb6d4e",2023-12-17 22:53:55,FALSE,0,0,14,1536,1522,NA
"513","e07857ccfa",2023-11-06 21:49:09,FALSE,0,0,51,15753,15702,NA
"514","5d24e7e08a",2022-08-23 20:53:56,FALSE,119,78,1458,16915,15260,NA
"515","a771d3aa36",2022-07-06 12:34:02,FALSE,0,0,1,62,61,NA
"516","e59b4a4a36",2021-07-11 05:33:56,FALSE,0,0,28,3572,3544,NA
"517","5fb7a32f9f",2024-01-31 16:56:37,FALSE,0,0,1,15,14,NA
"518","ba1fdde348",2021-03-25 01:01:35,FALSE,30,0,227,4354,4097,NA
"519","04458628f1",2021-11-17 16:37:27,FALSE,0,0,28,2032,2004,NA
"520","a77fe63097",2020-11-22 23:21:04,FALSE,103,26,438,6368,5801,NA
